1,1TB Portable External Hard Drive,external_Hardrives
2,2TB Portable External Hard Drive,external_Hardrives
3,3-Button Mouse,computer_Mice
4,3TB Portable External Hard Drive,external_Hardrives
5,5TB Desktop Hard Drive,external_Hardrives
6,Acer Aspire,laptop
7,Acer Desktop,PC
8,Acer Monitor,monitor
9,Ailihen Stereo Headphones,computer_Headphones
10,Alienware Laptop,laptop
11,AOC Monitor,monitor
12,APIE Bluetooth Headphone,computer_Headphones
13,Apple Earpods,computer_Headphones
14,Apple MacBook Air,laptop
15,Apple MacBook Pro,laptop
16,Apple Magic Keyboard,keyboard
17,Apple TV,smart_Home_Devices
18,Apple Wired Keyboard,keyboard
19,Apple Wireless Keyboard,keyboard
20,ASUS 2 Monitor,monitor
21,ASUS Chromebook,laptop
22,ASUS Desktop,PC
23,ASUS Monitor,monitor
24,Audio Cable,computer_Cords
25,Backlit LED Gaming Keyboard,keyboard
26,Belkin Mouse Pad,accesories
27,Bose Companion Speakers,speakers
28,Brother Printer,printer
29,Brother Printer Toner,printerSupplies
30,Cambridge Bluetooth Speaker,speakers
31,Canon Ink,printerSupplies
32,Canon Office Printer,printer
33,Computer Game,accesories
34,Cyber Acoustics,speakers
35,CYBERPOWER Gamer Desktop,PC
36,Dell 2 Desktop,PC
37,Dell Desktop,PC
38,Dell KM117 Wireless Keyboard & Mouse,mouse_and_Keyboard_Combo
39,Dell Laptop,laptop
40,Dell Monitor,monitor
41,Dell Wired Keyboard,keyboard
42,DOSS Touch Wireless Bluetooth,speakers
43,DYMO Label Manker,printer
44,DYMO Labeling Tape,printerSupplies
45,EagleTec Wireless Combo Keyboard and Mouse,mouse_and_Keyboard_Combo
46,Eluktronics Pro Gaming Laptop,laptop
47,Epson Black Ink,printerSupplies
48,Epson Printer,printer
49,Etekcity Power Extension Cord Cable,computer_Cords
50,Ethernet Cable,computer_Cords
51,Fire HD Tablet,tablet
52,Fire TV Stick,smart_Home_Devices
53,Full Motion Monitor Mount,computer_Stands
54,Gaming Mouse Professional,computer_Mice
55,Generic Black 3-Button,computer_Mice
56,Google Home,smart_Home_Devices
57,Halter Acrylic Monitor Stand,computer_Stands
58,Halter Mesh Metal Monitor Stand,computer_Stands
59,HDMI Adapter,computer_Cords
60,HDMI Cable 6ft,computer_Cords
61,Height-Adjustable Standing Desk,computer_Stands
62,HP Black & Tri-color Ink,printerSupplies
63,HP Desktop,PC
64,HP Laptop,laptop
65,HP Monitor,monitor
66,HP Notebook Touchscreen Laptop PC,laptop
67,HP USB Keyboard,keyboard
68,HP Wireless Mouse,computer_Mice
69,HP Wireless Printer,printer
70,iMac,PC
71,Intel Desktop,PC
72,iPad,tablet
73,iPad Pro,tablet
74,iPhone Charger Cable,computer_Cords
75,JBL Splashproof Portable Bluetooth Speaker,speakers
76,Kensington Headphones,computer_Headphones
77,Kindle,tablet
78,Koss Home Headphones,computer_Headphones
79,Large Mouse Pad,accesories
80,Lenovo Desktop Computer,PC
81,LG Monitor,monitor
82,LG Touchscreen Laptop,laptop
83,Logitech 3-button Mouse,computer_Mice
84,Logitech ClearChat Headset,computer_Headphones
85,Logitech Desktop MK120 Mouse and keyboard Combo,mouse_and_Keyboard_Combo
86,Logitech Keyboard,keyboard
87,Logitech MK270 Wireless Keyboard and Mouse Combo,mouse_and_Keyboard_Combo
88,Logitech MK360 Wireless Keyboard and Mouse Combo,mouse_and_Keyboard_Combo
89,Logitech MK550 Wireless Wave Keyboard and Mouse Combo,mouse_and_Keyboard_Combo
90,Logitech Multimedia Speakers,speakers
91,Logitech Stereo Headset,computer_Headphones
92,Logitech Wireless Keyboard,keyboard
93,Logitech Wireless Mouse,computer_Mice
94,Mackie CR Speakers,speakers
95,Microsoft Basic Optical Mouse,computer_Mice
96,Microsoft Headset,computer_Headphones
97,Microsoft Office Home and Student 2016,accesories
98,Microsoft Wireless Comfort Keyboard and Mouse,mouse_and_Keyboard_Combo
99,Microsoft Wireless Desktop Keyboard and Mouse,mouse_and_Keyboard_Combo
100,Monster Beats By Dr Dre,computer_Headphones
101,Multi Media Stand,computer_Stands
102,Otium Wireless Sports Bluetooth Headphone,computer_Headphones
103,Panasonic In-Ear Headphone,computer_Headphones
104,Panasonic On-Ear Stereo Headphones,computer_Headphones
105,PC Gaming Headset,computer_Headphones
106,Philips Flexible Earhook Headphone,computer_Headphones
107,Redragon Gaming Mouse,computer_Mice
108,Rii LED Gaming Keyboard & Mouse Combo,mouse_and_Keyboard_Combo
109,Rii LED Keyboard,keyboard
110,Rokono Mini Speaker,speakers
111,Roku Express,smart_Home_Devices
112,Samsung Charging Cable,computer_Cords
113,Samsung Galaxy Tablet,tablet
114,Samsung Monitor,monitor
115,Sceptre Monitor,monitor
116,Slim 2TB Portable External Hard Drive,external_Hardrives
117,Slim Wireless Mouse,computer_Mice
118,Smart Light Bulb,smart_Home_Devices
119,Sonos,speakers
120,USB Cable,computer_Cords
121,VGA Monitor Cable,computer_Cords
122,ViewSonic Monitor,monitor
123,Wireless Portable Mouse,computer_Mice
124,XIBERIA Gaming Headset,computer_Headphones
125,Zombie Gaming Headset,computer_Headphones
